{
  "BlockType": "PAGE",
  "Geometry": {
    "BoundingBox": {
      "Width": 1,
      "Height": 0.9992027878761292,
      "Left": 0,
      "Top": 0
    },
    "Polygon": [
      {
        "X": 0,
        "Y": 0.9991875290870667
      },
      {
        "X": 0,
        "Y": 0
      },
      {
        "X": 1,
        "Y": 0
      },
      {
        "X": 1,
        "Y": 0.9992027878761292
      }
    ]
  },
  "Id": "bafe9f7b-95d5-47ba-8171-55c4dcc738fc",
  "Relationships": [
    {
      "Type": "CHILD",
      "Ids": [
        "05b2e6b2-dd6e-4b91-9cb1-2d03edb2a7df",
        "4996b691-9188-4cd3-92c1-ab875c115ef1",
        "1374071c-580b-41a7-9029-d9618bdba2e6",
        "787a4330-ab47-45c9-b271-2f2ee7bad44b",
        "9d82b080-730c-4698-9795-bed1ac65c106",
        "87dc8972-534b-4a48-bb4a-c9b00fa159a1",
        "74733a51-9528-4728-82cb-8711770c525a",
        "33d272e6-6b03-44be-a606-046c205e95be",
        "7e550a24-bb3f-4f1f-b5f0-c2ab201c2d56",
        "410ac6d6-54c6-4104-8753-be1b85b8e57e",
        "31a7fe9a-bfd6-4914-ad36-d5924c482cc1",
        "5693a005-a9d3-4460-8a27-03ea3a18d268",
        "124ba169-dcfa-48b7-83e9-49959b5d99b5",
        "1df1d21d-4b51-4a17-beee-d7f080de5997",
        "dfec7d59-c650-4ce3-b453-53a41ff8604a",
        "5cdddffb-c759-416a-af73-6864a4dc3e59",
        "f3003bf5-e07a-426e-a367-64c1f1ed7d2d",
        "c4bbe4b2-50f6-4a24-8463-1ce399e5d8eb",
        "8b08cc58-f524-4e0b-a8ec-fa3dca7a1b39",
        "28475225-8031-483c-9ef5-3d76545c6d56",
        "45feb8fd-e4a0-461e-92ad-3083cae28143",
        "8bb3b42e-a64e-4467-83f1-83bf03857707",
        "b324341c-0f5f-489d-9fb4-c4d869a94d98",
        "f7239dd6-819b-4e67-a6b3-861801902ff4",
        "0966d308-8676-46d9-a327-e70ed4362924",
        "b672e903-0641-4a66-9976-efbb3aa32669",
        "2f9166ab-f53f-4510-8b88-5179f0060f9b",
        "375c5bc2-2488-41cb-b7de-a1311648351b",
        "08391ced-ae3f-4820-a69d-982c79eb1471",
        "a3c84cb4-4b6a-4d57-8048-d890e572a119",
        "b482d8da-b0a4-438e-bd91-7c1814df5795",
        "8fbaaeb1-8e67-4b6d-91fc-637ff15a0eee",
        "32631419-dc1b-4f4f-adde-be4330718766",
        "17eddf4d-9a0d-443f-b625-d45178e74d5b",
        "61320ef1-8c6c-4ebd-9035-244e05496acd",
        "9d790b89-c2fd-46e1-a575-57c856c94622",
        "72115fbc-56a8-4fd1-bcc0-1a5174975703",
        "a3e79574-1382-48ac-abd7-dc09fac5e2a8",
        "d26c8bb2-798b-43dc-97b8-8c9a910125ef",
        "1e077ffd-3afa-4bb7-ae39-2905b5351099",
        "e67c20e3-d112-479e-84b6-b3cb20f58847",
        "72f3d781-85ee-49bb-b0d5-24b5128448f6",
        "89808d44-7ed3-4de8-a70d-66f4a517c506",
        "32dd2ab4-df58-4195-8da4-de904a72424d",
        "21df06f6-427a-437f-8a4c-202c8b22a371",
        "dfeb7759-7c58-4d58-808b-a147d25d6cb1",
        "f060bcf0-2bb4-4aca-9452-5e2f1656bfca",
        "83c059bb-d9c2-4820-9f34-53329864825c",
        "ab48873f-dbf7-433b-92e6-24aea02b8d37",
        "edf5b110-ee20-410c-8e45-f52555b157ac",
        "575970b2-32e6-417a-87ed-ea99bdf4e021",
        "e590debb-056b-4269-9917-f4ce2a23a3dc",
        "6f5f3e50-42e1-4e67-8cf7-aa663117a84b",
        "923de7e9-06d6-434a-9932-a9a61e8b058b",
        "443dcb61-001e-4993-8dda-d056d8f40864",
        "649f6fb8-857d-48dd-8888-7d6bb4aa8414",
        "6e0e3d25-4c6e-41c5-ab1d-49f9a5a103a9",
        "c1d788a7-f5d8-418d-8253-ddc7507c8f5d",
        "87239c48-eb18-41c1-83fc-4eea58ef2d74",
        "e9e6ae35-2070-4b09-885d-4caedf64f544",
        "50e2a2b3-aacc-49cc-83e5-aec80640e20d",
        "fcea62f3-0662-4672-b611-1278537a5388",
        "8feb0fec-939c-41cd-b5de-0f5a9a065cd4",
        "a11b7dab-5297-41cb-9d6c-3a8ccbb921a9",
        "a320017b-3558-44a5-b3e1-e1db22f5aeaf",
        "3dafdda8-b64a-42b6-a8fc-cc05bbd7ba31",
        "0fe87534-ae7e-4db3-a85e-735138907865",
        "0acb3b80-fd30-4a62-bb62-339f8140b84b",
        "900f1edf-3153-4328-a30d-83ceec205eff",
        "958c620e-d7f9-4485-b38e-456cf1368eb8",
        "deb3f7c3-dcde-41a0-abe9-41ffb33ea323",
        "727fb7cb-e122-4ea0-a75f-fbf975015245",
        "ad54ceba-673b-44ac-a160-654e33d1a1b8",
        "f9b1c254-767e-4f21-bd8a-40e73dd95c0c",
        "82e9c89b-9ab3-4066-aa65-86ca0d286016",
        "7d4ae655-ffba-4605-b395-08dcc4f74e4f",
        "4906a12d-541c-4ca5-8a20-aec3465d7e3d",
        "31b1baa3-11d2-4ee2-98a5-c9362bde62f5",
        "a7461461-1a0d-412b-81ac-a105df15ee42",
        "5b82eef6-4b3d-4910-9dc7-99ee7f06d0a6",
        "403f400b-996c-4959-a9a5-7e0797b97476",
        "4d3f0704-f43f-4567-9adb-16d8d7659481",
        "77b75849-20ff-43a9-899e-c0ea104150c1",
        "fbef6e5c-bafa-405c-9fba-76b25cdeb0e8",
        "418a7983-93c7-447d-b8ef-038cd0e56161",
        "7da5237a-9498-44eb-9c7d-148f1f82e938",
        "81ee84cb-4ec0-4d4a-8356-44176af0b5db",
        "5295bbee-d085-4800-bd93-aaacf60bb84b",
        "f557ed2e-0f22-41d2-aa20-70aeadd053c5",
        "b6496083-0713-4fd1-a2ab-ab762a7b6f93",
        "fbb336ce-167c-477f-ae4d-50bf8adc5c95",
        "4f494ef6-2a7c-43ca-b98c-5cf2c55dcb24",
        "5b896240-6d9c-4464-8a80-a4169018478e",
        "33667805-a18c-4bcf-8410-6886ca8e56d0",
        "90c2d0c1-4272-474b-b74f-5ebc145523aa",
        "b36c358d-fb42-466d-8b31-7ef1b5f6c1b4",
        "f40d9dab-9a23-4c58-b8ad-67f5669acc4f",
        "0af33e8a-62a6-494f-9695-d595bb7beecf",
        "a06e65a2-642f-4edd-a972-e6b6aad5b0f8",
        "ab11c908-ffb3-4894-90fb-7b1663d99964",
        "762c7224-c721-4cfe-8374-085647118d8f",
        "739aef6f-d612-4a87-b47c-204882e05e6b",
        "048e9f64-cb2e-47db-996b-c48ccbc5ff28",
        "60a68f9b-221f-4854-978d-ce891386e9cd",
        "2c0b0342-21ed-4d49-88b6-6ae77a2b8e13",
        "7a900504-6387-424b-9f83-5b909f8c6a31",
        "0fc7ed2d-8985-4c99-b30e-7b01cd6ded38",
        "9e53cb7a-2a28-4e0c-ad23-8375edd638d4",
        "269a2179-e3cc-4a1f-a7f7-ae1a308608c5",
        "84b28cc1-e269-46e3-a9dd-7a8f97de0644",
        "2893844a-6914-4608-a1e8-4be6548343b9",
        "a3aedebe-9478-4b17-80b1-60a619d93172",
        "f3d8d778-bd2c-476d-863e-311a98b0b256",
        "94339451-f520-498a-9801-67f361310366",
        "545bc85a-0992-4f05-8aa4-2470a6107dae",
        "eb901bac-80c9-4946-82b3-f4889460c6fb",
        "32c7ab53-7a0c-4b65-839b-bf606a6107c2",
        "2da97a84-9799-406e-9b33-337318b93725",
        "58282f8e-4313-49ec-84f8-df9fb904b7b4",
        "945b3c51-1f99-461f-8fc0-0ead09db9b44",
        "b9b7d74e-3ef5-4132-afd3-e1879dd2b09e",
        "544a249a-be59-4c33-beb6-553beb3073ee",
        "196a0cf8-af71-4b33-b293-8be344dacbf2",
        "7bdb198f-e12d-4727-b4be-0a8ef137e863",
        "343e7d58-2af9-4fe4-8a7e-e9fca1186a3a",
        "9d1f788b-fef6-4483-bf50-3ccf34958639",
        "c358123a-ec95-4faf-92d8-14b1e8b95fc0",
        "0a5dd6ce-c27b-46b5-813e-78ecd06a5b05",
        "dca3b51c-3404-455b-a2d0-72ec030afdec",
        "ee75d8ad-0312-45d1-a389-5cfdff2f672c",
        "c9c29405-3519-4a46-abce-07a8661ddd8c",
        "9a7b6942-40e0-4e84-88ed-03f02bb66e25",
        "c21f586c-b556-45d5-9146-2efa760751fa",
        "4e4aaf5b-3088-4cbb-a8c1-a94b2a488ebe",
        "60841456-7e8c-4cb3-a074-d720521a66ea",
        "19195795-941a-4b8c-810c-38f7341b16fa",
        "56c1f152-e9ac-4ab5-afae-806be0fc8a5f",
        "3e7efdd2-d0d6-4f03-923e-eacccf008f36",
        "85fdaf88-94a9-4930-a3f5-b3b2d069cbec",
        "ce97d06b-d268-4644-84be-e73e11d55fb5",
        "0d08b902-2038-4ab2-813a-9059fe28e52c",
        "1e8a372c-5b45-4530-a2ad-2eb1bc1a78ea",
        "61557a91-381d-41d1-a826-cb41dcbd32e4",
        "79cc8102-9d7a-45c2-975b-f82cba4e6bca",
        "4140de68-6005-4ead-b94d-f991e65ddb88",
        "8086e732-0cd6-49ce-b0a2-7358885f2ac4",
        "56929468-12fb-4c08-ac76-ae8d4e001d4d",
        "3771fde5-7472-4809-9b3f-cd609541b81c",
        "e7f7d6cf-b294-4583-857f-ed106a72c822",
        "3a705a70-867e-4c01-bfca-817bc2df7aeb",
        "6cbeb24f-09a4-4e2b-aee4-2af0ddd44614",
        "325015f7-4243-4e54-be12-9159a4dc78e8",
        "00517cd0-2177-42dc-9fea-ff5e75139165",
        "49f38eb8-10b7-4dbc-a426-27a0d02bea7a",
        "45a27720-0e2f-47a2-8c4f-dbf899d3354b",
